station,member_casual,latitude,longitude,number_of_rides
Kingsbury St & Kinzie St,member,41.88918177463715,-87.63850975716683,25438
Clinton St & Washington Blvd,member,41.883387303403346,-87.64124372785325,24996
Clark St & Elm St,member,41.90291690673182,-87.63139746613444,24457
Wells St & Concord Ln,member,41.91208705540955,-87.63473468616812,20974
University Ave & 57th St,member,41.791479500983556,-87.59988016849505,20253
Wells St & Elm St,member,41.903175883053635,-87.63444877860302,19950
Clinton St & Madison St,member,41.88261690270944,-87.64119486888114,19672
Ellis Ave & 60th St,member,41.785103651274774,-87.60108066033901,18819
Broadway & Barry Ave,member,41.93760574255793,-87.64410313691229,18687
Loomis St & Lexington St,member,41.87223104700378,-87.66136592325162,18520
State St & Chicago Ave,member,41.896622949917386,-87.62862094175094,18156
Canal St & Adams St,member,41.8793136136674,-87.63996072814348,17312
Streeter Dr & Grand Ave,member,41.892280218313154,-87.61207693206829,17014
Wells St & Huron St,member,41.89473791240047,-87.634404366447,16980
Clinton St & Jackson Blvd,member,41.878352253620434,-87.64109422371283,16777
Morgan St & Polk St,member,41.87186300987459,-87.65102841513838,16585
Wilton Ave & Belmont Ave,member,41.94017411523293,-87.65295971547677,16486
State St & 33rd St,member,41.83473843160828,-87.62580741040192,16471
Dearborn St & Erie St,member,41.89403927028434,-87.62932292104016,16459
Larrabee St & Kingsbury St,member,41.897706304556735,-87.64301618436762,16446
Sheffield Ave & Fullerton Ave,member,41.925585586445195,-87.6537028254687,16375
Wells St & Hubbard St,member,41.88995428918177,-87.63431030623883,15668
Desplaines St & Kinzie St,member,41.88867283707376,-87.6444430270449,15590
DuSable Lake Shore Dr & North Blvd,member,41.91169679736355,-87.62681934098232,15555
St. Clair St & Erie St,member,41.89434222100317,-87.62281225133002,15451
Clark St & Armitage Ave,member,41.91828636698603,-87.6363040602343,15322
Wabash Ave & Grand Ave,member,41.89144707333946,-87.62677168259458,15251
Broadway & Waveland Ave,member,41.949059715632,-87.64862535503745,15087
Halsted St & Polk St,member,41.8718293205669,-87.6466394515661,15082
Clark St & Wrightwood Ave,member,41.92953818294357,-87.6431404641009,15026
Halsted St & Clybourn Ave,member,41.909634412981916,-87.648131641221,14873
Ellis Ave & 55th St,member,41.79431089638322,-87.60144938295826,14806
Michigan Ave & Oak St,member,41.90097166982022,-87.623765637466,14629
Ashland Ave & Division St,member,41.903384926719625,-87.6678107118671,14477
Orleans St & Merchandise Mart Plaza,member,41.8880914467893,-87.6366477801164,14433
Lincoln Ave & Fullerton Ave,member,41.92415553535269,-87.64637123363775,14432
Dearborn Pkwy & Delaware Pl,member,41.89895225568617,-87.62992616451345,14428
Kingsbury St & Erie St,member,41.89381990443881,-87.64175304625087,14398
Indiana Ave & Roosevelt Rd,member,41.867908599957495,-87.62304379132743,14351
Green St & Madison St,member,41.881871966623635,-87.6492156891873,14175
Clark St & Lincoln Ave,member,41.91570661415202,-87.63461309906204,14169
Pine Grove Ave & Waveland Ave,member,41.9494103322283,-87.64645884951594,13903
LaSalle St & Illinois St,member,41.890796469293534,-87.6317069589349,13886
Clark St & Drummond Pl,member,41.93122501089688,-87.64431850648762,13703
Dearborn St & Monroe St,member,41.88113246240255,-87.62959945153503,13648
Theater on the Lake,member,41.92626580596679,-87.63087718486261,13612
Wabash Ave & Roosevelt Rd,member,41.86721117311142,-87.62597222807992,13489
MLK Jr Dr & 29th St,member,41.84205612299227,-87.61697150274018,13448
Michigan Ave & Washington St,member,41.88397408187552,-87.62459990752099,13223
Sheridan Rd & Irving Park Rd,member,41.95421713455181,-87.65442028327408,13164
Clinton St & Lake St,member,41.88560221880463,-87.64187043483173,13134
Michigan Ave & Lake St,member,41.885981955293346,-87.6244196026701,13022
Broadway & Cornelia Ave,member,41.94552399198387,-87.64646989911597,13020
Canal St & Madison St,member,41.88226919009067,-87.63977745803074,13015
Damen Ave & Pierce Ave,member,41.90938620608749,-87.67767975465902,13007
Southport Ave & Waveland Ave,member,41.94812828314228,-87.66400940238425,12981
Daley Center Plaza,member,41.88417643804176,-87.62961284613611,12930
Peoria St & Jackson Blvd,member,41.87765936294513,-87.64954708598931,12923
Halsted St & Roscoe St,member,41.9436484944573,-87.64893946275336,12788
Columbus Dr & Randolph St,member,41.88464009241082,-87.61955372524501,12755
McClurg Ct & Ohio St,member,41.892600977588415,-87.61731531128277,12668
Clark St & Schiller St,member,41.9079809479971,-87.6315482975404,12437
Franklin St & Monroe St,member,41.880213071026326,-87.63537481577643,12345
DuSable Lake Shore Dr & Diversey Pkwy,member,41.93256794250447,-87.63643568989676,12302
Larrabee St & Webster Ave,member,41.92180710270136,-87.64409713518528,12279
Southport Ave & Roscoe St,member,41.94371242477321,-87.66399378044784,12214
Clark St & Newport St,member,41.944508214601825,-87.6547167210826,12193
Canal St & Monroe St,member,41.88168577976851,-87.63950629474881,12182
Halsted St & Wrightwood Ave,member,41.9291126322715,-87.64909341668228,12177
Ravenswood Ave & Lawrence Ave,member,41.96899372789434,-87.67423035791998,12096
Sheffield Ave & Webster Ave,member,41.92160796796049,-87.65380940206367,11998
Federal St & Polk St,member,41.87209723373287,-87.62957416938524,11972
LaSalle St & Jackson Blvd,member,41.87810591901326,-87.63186509803155,11918
Lakeview Ave & Fullerton Pkwy,member,41.92586137137426,-87.63896905339543,11810
DuSable Lake Shore Dr & Belmont Ave,member,41.9407562256031,-87.6391901995411,11615
Franklin St & Lake St,member,41.88582796089366,-87.63549150730351,11604
Sheffield Ave & Waveland Ave,member,41.94930104821572,-87.65448506930743,11450
Wilton Ave & Diversey Pkwy,member,41.93239835016373,-87.65269575441992,11421
New St & Illinois St,member,41.89080768426454,-87.61854859398211,11401
Kimbark Ave & 53rd St,member,41.79956646422671,-87.5947411552977,11354
May St & Taylor St,member,41.8694797216085,-87.65547660625498,11060
Calumet Ave & 33rd St,member,41.834897398089325,-87.6179342759422,11038
Fairbanks Ct & Grand Ave,member,41.89186916339005,-87.62060783613866,10991
Franklin St & Jackson Blvd,member,41.877731391587474,-87.6353032879756,10986
Wells St & Evergreen Ave,member,41.90671550072846,-87.63495771736659,10982
Pine Grove Ave & Irving Park Rd,member,41.954366269978095,-87.64805090184556,10956
Sheffield Ave & Wellington Ave,member,41.93627069907353,-87.65266476656028,10934
Broadway & Sheridan Rd,member,41.95275937297735,-87.65000486291183,10684
Racine Ave & Fullerton Ave,member,41.925583962146945,-87.6584507236454,10671
Clark St & Lake St,member,41.885983938506705,-87.63094630102242,10661
Aberdeen St & Jackson Blvd,member,41.87775582891386,-87.65481201343427,10634
Clarendon Ave & Gordon Ter,member,41.95783164824489,-87.64950882691771,10609
Sheridan Rd & Montrose Ave,member,41.96162518255618,-87.65464076024551,10590
Clark St & Wellington Ave,member,41.936496787104794,-87.6475695758919,10545
State St & Randolph St,member,41.88462283525517,-87.62790354535097,10542
Broadway & Belmont Ave,member,41.94008478911491,-87.6454736061453,10530
Sedgwick St & Huron St,member,41.89466366173792,-87.6383692209603,10455
Rush St & Cedar St,member,41.9023326890883,-87.62774835290251,10453
Sheffield Ave & Wrightwood Ave,member,41.92869800890779,-87.65384484998454,10346
Franklin St & Chicago Ave,member,41.89676208133495,-87.6357021660986,10345
McClurg Ct & Erie St,member,41.8944954945363,-87.61798834587705,10330
Canal St & Jackson Blvd,member,41.87729152428013,-87.63941972538484,10238
Clark St & Winnemac Ave,member,41.97332370587378,-87.66784071840011,10157
Clark St & Randolph St,member,41.88458914971522,-87.63181569774054,10113
Desplaines St & Jackson Blvd,member,41.87812928883279,-87.6440304125839,10101
Rush St & Superior St,member,41.895726000894236,-87.62603699519013,10098
DuSable Lake Shore Dr & Wellington Ave,member,41.93667947152662,-87.63682625360647,10068
Milwaukee Ave & Grand Ave,member,41.89157159639478,-87.64834176976098,10041
State St & Kinzie St,member,41.88915719895589,-87.62720170866986,9999
Halsted St & Dickens Ave,member,41.91996099750875,-87.64884679605804,9995
Sheffield Ave & Kingsbury St,member,41.91054862563618,-87.65316070501808,9950
Stockton Dr & Wrightwood Ave,member,41.93131176734228,-87.63873680982235,9907
Millennium Park,member,41.88109316663383,-87.6241339512297,9848
Sedgwick St & Webster Ave,member,41.92216935253881,-87.63892097974775,9792
DuSable Lake Shore Dr & Monroe St,member,41.8809744745071,-87.61674935109076,9718
900 W Harrison St,member,41.87475567980608,-87.64981554525458,9643
Sedgwick St & North Ave,member,41.911360436841335,-87.63868625017814,9599
Mies van der Rohe Way & Chicago Ave,member,41.89700240399205,-87.62177375510409,9559
Lincoln Ave & Diversey Pkwy,member,41.93219253312941,-87.65867860790803,9350
Burling St & Diversey Pkwy,member,41.933119813036136,-87.64775434085503,9298
Southport Ave & Wellington Ave,member,41.9357655475482,-87.66359692066499,9128
Franklin St & Illinois St,member,41.89102111138895,-87.63546285452642,9122
Sangamon St & Lake St,member,41.88582571140978,-87.65105437644294,8895
Wood St & Milwaukee Ave,member,41.90762401819685,-87.6725172948099,8890
Ogden Ave & Chicago Ave,member,41.896364174732234,-87.65406820186014,8795
Wabash Ave & 9th St,member,41.87074698443901,-87.62573966889849,8788
Wolcott Ave & Polk St,member,41.87128878384334,-87.67368993090452,8745
Milwaukee Ave & Wabansia Ave,member,41.91261408321336,-87.68139834119737,8502
Honore St & Division St,member,41.903116269917064,-87.67387174303126,8320
Mies van der Rohe Way & Chestnut St,member,41.898569891609434,-87.62205340264329,8270
Larrabee St & Division St,member,41.903496639462695,-87.64334651292832,8189
Halsted St & Fulton St,member,41.88735300231061,-87.64842049719006,8171
Wells St & Walton St,member,41.89993682565851,-87.6344381305924,8170
Clark St & Berwyn Ave,member,41.977990868144175,-87.66828724059616,8018
Dayton St & North Ave,member,41.91058775118596,-87.64942159376281,8002
Southport Ave & Belmont Ave,member,41.93944228913562,-87.66376427541337,7971
Montrose Harbor,member,41.96395510059542,-87.63818731119588,7944
Racine Ave & Belmont Ave,member,41.939695629514745,-87.65886558325562,7934
Michigan Ave & 14th St,member,41.864125508194775,-87.62373203976789,7927
Carpenter St & Huron St,member,41.89455773690953,-87.65345363400536,7837
Sheridan Rd & Buena Ave,member,41.95848279714597,-87.65499245323593,7803
Wacker Dr & Washington St,member,41.88316663475793,-87.63730292823809,7787
Broadway & Wilson Ave,member,41.9651982971423,-87.65823930344966,7737
Rhodes Ave & 32nd St,member,41.8364563982717,-87.61348446529519,7707
Kedzie Ave & Milwaukee Ave,member,41.92958364626186,-87.70790237987778,7691
Racine Ave & Congress Pkwy,member,41.87464206808491,-87.65703531993165,7608
Greenview Ave & Fullerton Ave,member,41.925362988149224,-87.66581488997232,7586
Financial Pl & Ida B Wells Dr,member,41.87503181206569,-87.63311905648727,7581
Halsted St & Willow St,member,41.913843111116684,-87.64877721032207,7576
Clarendon Ave & Junior Ter,member,41.9609733122334,-87.64955977122916,7558
Clark St & Grace St,member,41.95079882239804,-87.65919326453788,7552
Ellis Ave & 58th St,member,41.788754620503056,-87.60131366764932,7534
Halsted St & Maxwell St,member,41.864882763755816,-87.64707281569757,7519
LaSalle Dr & Huron St,member,41.89482388178949,-87.63232663582052,7477
Aberdeen St & Randolph St,member,41.88412505732709,-87.65427449515317,7475
Desplaines St & Randolph St,member,41.884322134453484,-87.64446260754407,7374
Halsted St & Roosevelt Rd,member,41.86737332497483,-87.64864045552864,7349
Stetson Ave & South Water St,member,41.88675709513079,-87.62231287126703,7340
Jefferson St & Monroe St,member,41.88036261377193,-87.64276011179687,7296
Southport Ave & Wrightwood Ave,member,41.92877594474271,-87.66387948683682,7268
Clark St & Chicago Ave,member,41.89672055182181,-87.63089189442715,7262
Franklin St & Adams St (Temp),member,41.87928626847093,-87.6355301504898,7207
Ritchie Ct & Banks St,member,41.906847616504066,-87.62619718794785,7134
Cityfront Plaza Dr & Pioneer Ct,member,41.89051172203359,-87.62207333841519,7086
Paulina St & Flournoy St,member,41.87306549509613,-87.6690789599689,7074
Wells St & Polk St,member,41.872769867509554,-87.63367473965029,7063
Aberdeen St & Monroe St,member,41.880413901187474,-87.65554804060507,7057
Clifton Ave & Armitage Ave,member,41.91821424087231,-87.65697639896557,6970
Woodlawn Ave & 55th St,member,41.795286601770954,-87.59647779869977,6968
Damen Ave & Chicago Ave,member,41.895694147950906,-87.67715521691409,6925
Field Blvd & South Water St,member,41.886297315555716,-87.6175177805088,6820
Clark St & North Ave,member,41.91196633636697,-87.63198194060574,6818
Rush St & Hubbard St,member,41.89018645209623,-87.62622448571659,6817
Damen Ave & Cortland St,member,41.915985674593,-87.677306205072,6806
Sheffield Ave & Willow St,member,41.91371671837038,-87.65285488551892,6793
Michigan Ave & 8th St,member,41.872714823752396,-87.62398726284009,6785
Wabash Ave & Wacker Pl,member,41.88685552632938,-87.6260843849273,6740
California Ave & Milwaukee Ave,member,41.92268385683921,-87.69714379762159,6723
Clark St & Leland Ave,member,41.967071383727664,-87.66736389306861,6661
Lakefront Trail & Bryn Mawr Ave,member,41.98402681856605,-87.6522953492258,6639
Larrabee St & Oak St,member,41.90022522485697,-87.64298320160529,6572
Western Ave & Winnebago Ave,member,41.91552268258776,-87.68700611055036,6523
State St & Van Buren St,member,41.87716901113686,-87.62788542218566,6474
State St & Pearson St,member,41.89744286204454,-87.62873635752396,6466
Ogden Ave & Race Ave,member,41.89178654721094,-87.65878982238594,6400
Orleans St & Hubbard St,member,41.88997566363352,-87.63663312778611,6396
Wabash Ave & Adams St,member,41.87948589690368,-87.62573650594048,6385
Clark St & Bryn Mawr Ave,member,41.98356597498744,-87.66916267902198,6370
Elston Ave & Cortland St,member,41.91643530315682,-87.66675473210874,6364
Dearborn St & Adams St,member,41.879270603853676,-87.62974103947494,6342
Lake Park Ave & 56th St,member,41.79325209435305,-87.58779546542729,6237
Orleans St & Chestnut St (NEXT Apts),member,41.898163289888764,-87.63753975446262,6113
Bissell St & Armitage Ave*,member,41.9183493328644,-87.6521867814855,6099
Throop St & Taylor St,member,41.868905437657794,-87.65912291934583,6084
Michigan Ave & 18th St,member,41.8578322314651,-87.62455284564923,6061
Wabash Ave & 16th St,member,41.86038704236037,-87.62581635757812,6016
LaSalle St & Washington St,member,41.88268671211451,-87.63252030347229,5973
Eckhart Park,member,41.89637727295749,-87.66098461023526,5951
Shore Dr & 55th St,member,41.79523016202823,-87.5807925224332,5951
State St & 35th St,member,41.831052176449376,-87.62685151121401,5906
Broadway & Argyle St,member,41.97375811284379,-87.65972136035356,5883
Larrabee St & Armitage Ave,member,41.91809610316616,-87.6437553346264,5862
Dusable Harbor,member,41.88696086826213,-87.61284214830144,5852
Ashland Ave & Blackhawk St,member,41.90705075171487,-87.6672278496543,5843
Southport Ave & Clybourn Ave,member,41.920761820433206,-87.66372077856231,5794
Wood St & Taylor St (Temp),member,41.869311193803284,-87.67371743260482,5724
Clark St & Ida B Wells Dr,member,41.87593295497029,-87.63065963449493,5722
Damen Ave & Thomas St (Augusta Blvd),member,41.90133659572735,-87.67742166759366,5685
Michigan Ave & Madison St,member,41.8820575897156,-87.6251524860219,5661
Western Ave & Leland Ave,member,41.96642651758056,-87.6886992856418,5617
Southport Ave & Irving Park Rd,member,41.954152072413606,-87.66431176493231,5614
Sangamon St & Washington Blvd,member,41.8830915380597,-87.65110630032908,5561
Green St & Washington Blvd,member,41.88320238162736,-87.64874913480288,5555
Morgan St & Lake St*,member,41.88549761705394,-87.65233384828251,5543
Lincoln Park Conservatory,member,41.92398488316247,-87.6358601422188,5521
Wood St & Chicago Ave,member,41.8956158994683,-87.67209178217796,5473
Broadway & Berwyn Ave,member,41.97834557759076,-87.65976593064539,5454
Burnham Harbor,member,41.85743083719324,-87.6137967621014,5444
Racine Ave & Wrightwood Ave,member,41.928895969413176,-87.65897667827643,5419
Michigan Ave & Pearson St,member,41.897534269307734,-87.62355283909544,5417
Michigan Ave & Jackson Blvd,member,41.87804022869824,-87.62411156139648,5385
Emerald Ave & 31st St,member,41.838229036780426,-87.64513202960248,5333
Clybourn Ave & Division St,member,41.904596837312724,-87.64056940610278,5273
Clinton St & Roosevelt Rd,member,41.86712024809406,-87.64107263974105,5252
Ashland Ave & Augusta Blvd,member,41.89962345272415,-87.66798427183708,5242
Larrabee St & North Ave,member,41.91016754984527,-87.64350144074498,5235
Fairbanks St & Superior St,member,41.89576343356473,-87.620132925655,5229
Damen Ave & Division St,member,41.903263054851394,-87.6784741335302,5215
Ashland Ave & Wellington Ave,member,41.936078154222656,-87.66983288260296,5075
Hermitage Ave & Polk St,member,41.87152227082372,-87.66989219658974,5026
Shedd Aquarium,member,41.86723778135597,-87.61543681009643,4978
Clark St & Montrose Ave,member,41.96154349967203,-87.66612339471227,4970
Leavitt St & North Ave,member,41.91033167576923,-87.68235322595547,4940
Elizabeth St & Fulton St,member,41.88670700967735,-87.6596034571875,4928
State St & Harrison St,member,41.87404212183906,-87.6277252387909,4921
Broadway & Thorndale Ave,member,41.98975311162553,-87.66014074105854,4903
Walsh Park,member,41.91457621135972,-87.66795731410173,4876
Ashland Ave & Grace St,member,41.95068709772849,-87.66869562708564,4869
Adler Planetarium,member,41.866114289849484,-87.60731037628247,4850
Loomis St & Jackson Blvd,member,41.877949613043654,-87.66200702497298,4810
Cornell Ave & Hyde Park Blvd,member,41.80241570497897,-87.58690255751051,4756
Elizabeth St & Randolph St,member,41.88354717300485,-87.65912179625238,4739
Wood St & Augusta Blvd,member,41.899164329206684,-87.67218318515549,4727
Ada St & Washington Blvd,member,41.88285631289266,-87.66119316017641,4705
Indiana Ave & 31st St,member,41.83883658316531,-87.62185660061299,4682
Delano Ct & Roosevelt Rd,member,41.867493241566315,-87.63219339338976,4667
Western Ave & Fillmore St,member,41.86861637286116,-87.68624441779411,4624
Shields Ave & 31st St,member,41.83846295265439,-87.63538797100325,4615
Calumet Ave & 18th St,member,41.85767223394537,-87.61949149163668,4613
Lincoln Ave & Roscoe St*,member,41.94333390828057,-87.67071894196661,4612
Sheridan Rd & Argyle St,member,41.973280966046616,-87.65474251920405,4548
Broadway & Ridge Ave,member,41.98403759332967,-87.66026214703786,4544
Paulina Ave & North Ave,member,41.91007470384717,-87.66999061650738,4541
Lake Park Ave & 53rd St,member,41.79952151213577,-87.58642517342517,4537
N Green St & W Lake St,member,41.887496391884184,-87.64910122146993,4490
Orleans St & Elm St,member,41.90291155034668,-87.6377268857504,4471
Greenview Ave & Diversey Pkwy,member,41.932613956163834,-87.66595416316248,4468
Clarendon Ave & Leland Ave,member,41.96795171110185,-87.65002390476566,4438
Winthrop Ave & Lawrence Ave,member,41.96883449480271,-87.65764995232469,4435
Marine Dr & Ainslie St,member,41.9715956503506,-87.65016824893915,4421
Ashland Ave & Chicago Ave,member,41.89594646207068,-87.66773598764838,4414
Western Ave & Walton St,member,41.898436165740534,-87.68659837272398,4409
Broadway & Granville Ave,member,41.9947782231543,-87.66028459657487,4394
Sheridan Rd & Lawrence Ave,member,41.96950868840484,-87.654708287225,4382
Larrabee St & Menomonee St,member,41.91466883694915,-87.64333794841502,4366
Damen Ave & Leland Ave,member,41.9670912550138,-87.67905677810718,4348
Wells St & Institute Pl,member,41.89739675949885,-87.6344323476836,4330
Canal St & Taylor St,member,41.870219827343064,-87.63947267321983,4317
Harper Ave & 59th St,member,41.78794284284112,-87.58830996731075,4280
Logan Blvd & Elston Ave,member,41.929425461099626,-87.68414625984022,4256
Ellis Ave & 53rd St,member,41.79935042122241,-87.60096849262757,4213
Leavitt St & Armitage Ave,member,41.917801223383144,-87.6824673354875,4082
Lincoln Ave & Sunnyside Ave,member,41.962985229397354,-87.68479019279275,4082
Damen Ave & Grand Ave,member,41.89244445323767,-87.67688756600441,4077
Seeley Ave & Roscoe St,member,41.94339212627947,-87.67964853868615,4072
Ravenswood Ave & Irving Park Rd,member,41.95464810824517,-87.67390260580848,3989
Dearborn St & Van Buren St,member,41.87627581399043,-87.62925097494713,3972
Racine Ave & 18th St,member,41.858237118223116,-87.65646147392984,3962
Wolcott (Ravenswood) Ave & Montrose Ave,member,41.96141816631472,-87.67620490381726,3940
Lakefront Trail & Wilson Ave,member,41.96584197667517,-87.64539408267925,3919
Campbell Ave & North Ave,member,41.91051858287639,-87.68954797424722,3859
Western Ave & Division St,member,41.90290461405251,-87.68729836064986,3847
Leavitt St & Chicago Ave,member,41.89547962245096,-87.68197639070887,3823
Noble St & Milwaukee Ave,member,41.90067468013645,-87.66257412253476,3811
Damen Ave & Charleston St,member,41.920052513834925,-87.67790826413747,3768
Racine Ave & Washington Blvd,member,41.883073561771305,-87.65700010966337,3743
Sheridan Rd & Noyes St (NU),member,42.058238046126874,-87.6774511259743,3736
Ashland Ave & Grand Ave,member,41.891071207423344,-87.66662394942442,3718
Lincoln Ave & Belle Plaine Ave,member,41.955951488893696,-87.68018264492561,3697
Paulina St & Montrose Ave,member,41.961510795547106,-87.6714045542221,3683
Blue Island Ave & 18th St,member,41.85751269556321,-87.66156993038281,3631
Clark St & 9th St (AMLI),member,41.87081304611755,-87.63119842371137,3624
Leavitt St & Division St,member,41.902984630473945,-87.68375844730876,3608
Ashland Ave & Lake St,member,41.885925603052165,-87.66716754909267,3604
Spaulding Ave & Armitage Ave,member,41.91710372925007,-87.71018066616114,3587
Racine Ave & Randolph St,member,41.88408748088391,-87.65689913786014,3575
California Ave & Cortez St,member,41.90036688088334,-87.69666018320527,3566
Green St & Randolph St*,member,41.883749481195956,-87.6484585246996,3562
Michigan Ave & Ida B Wells Dr,member,41.87626349715292,-87.62448484254294,3551
Benson Ave & Church St,member,42.04822458312117,-87.68348041914453,3425
Clinton St & Tilden St,member,41.87587642753529,-87.64076713762647,3400
Artesian Ave & Hubbard St,member,41.889524119911506,-87.68813717153687,3390
LaSalle St & Adams St,member,41.87941279894065,-87.6319795838101,3370
Albany Ave & Bloomingdale Ave,member,41.91401224492827,-87.70513908309624,3346
Calumet Ave & 35th St,member,41.83136124479604,-87.61802983702759,3334
Morgan Ave & 14th Pl,member,41.86240380569757,-87.65109868274227,3333
Stave St & Armitage Ave,member,41.91770381504204,-87.69140410936636,3330
Damen Ave & Wellington Ave,member,41.93586892785649,-87.67842342377014,3289
Humboldt Blvd & Armitage Ave,member,41.91750885746878,-87.70179959978068,3283
Glenwood Ave & Morse Ave,member,42.007964870395355,-87.6654778581205,3187
Blackstone Ave & Hyde Park Blvd,member,41.802591987003794,-87.59037923249684,3164
Ashland Ave & Wrightwood Ave,member,41.92882813517033,-87.6685277059376,3141
Ravenswood Ave & Berteau Ave,member,41.957917271257635,-87.67357277288518,3109
Lincoln Ave & Waveland Ave,member,41.94874642052581,-87.67525363610001,3100
Ogden Ave & Congress Pkwy,member,41.875007813303114,-87.67325086976037,3088
Morgan St & 18th St,member,41.8581067141024,-87.65112002143228,3086
Damen Ave & Foster Ave,member,41.975601724345005,-87.67946252564202,3084
Wentworth Ave & 33rd St,member,41.83456267986337,-87.63182787735198,3074
Ashland Ave & 13th St,member,41.86522359225181,-87.66652416267915,3042
Sedgwick St & Schiller St,member,41.90762466161653,-87.63853501972892,3025
Paulina St & 18th St,member,41.8579263833278,-87.66869004412487,3011
Wentworth Ave & Cermak Rd,member,41.853146758459204,-87.63191235961227,2966
Lincoln Ave & Belmont Ave (Temp),member,41.93947087638889,-87.67108681472223,2952
Lincoln Ave & Melrose St,member,41.94059562631989,-87.66948899241952,2951
Morgan St & 31st St,member,41.83782364345341,-87.65114835310703,2887
Shields Ave & 28th Pl,member,41.842771207071806,-87.63549135914536,2855
Damen Ave & Clybourn Ave,member,41.93191509209261,-87.67781729753978,2829
Western Ave & Congress Pkwy,member,41.8746894034849,-87.68639303695204,2815
Fort Dearborn Dr & 31st St,member,41.83855656533046,-87.60826957558908,2784
Sheridan Rd & Loyola Ave,member,42.001093100311586,-87.66124034905059,2728
Wood St & Hubbard St,member,41.889905774041296,-87.67145285800885,2712
California Ave & North Ave,member,41.91042652892804,-87.69749656504821,2696
Halsted St & 18th St,member,41.85754663511359,-87.64602562511732,2685
Hampden Ct & Diversey Ave,member,41.93157430942013,-87.641695357789,2673
Clark St & Lunt Ave,member,42.00903673387036,-87.674195468768,2638
California Ave & Altgeld St,member,41.926645338151324,-87.69770144301872,2564
Rockwell St & Eastwood Ave,member,41.965868838591,-87.69364565612133,2555
California Ave & Francis Pl,member,41.918549307429466,-87.69741324553684,2552
Damen Ave & Sunnyside Ave,member,41.96324505826535,-87.679278970459407,2525
McCormick Place,member,41.851432378890216,-87.61888071935728,2505
Indiana Ave & 26th St,member,41.845757567648235,-87.6225342628806,2496
Winchester Ave & Elston Ave,member,41.92410233231849,-87.67646735379061,2493
Leavitt St & Belmont Ave,member,41.93934355405145,-87.68325622718248,2488
Emerald Ave & 28th St,member,41.8435811899796,-87.64539699376174,2451
California Ave & Division St,member,41.90303312378943,-87.69750397371159,2441
Lincoln Ave & Addison St,member,41.94617022422888,-87.67330446280558,2438
Cannon Dr & Fullerton Ave,member,41.92671854698478,-87.63444862457835,2431
Damen Ave & Melrose Ave,member,41.94057742039918,-87.67854577001235,2430
Milwaukee Ave & Rockwell St,member,41.92022802240718,-87.69266337898623,2397
Western Ave & Roscoe St,member,41.9430329335,-87.68729620168908,2380
Chicago Ave & Sheridan Rd,member,42.050487748462515,-87.67781995146548,2361
Clark St & Elmdale Ave,member,41.9908564092112,-87.66969862050466,2358
Southport Ave & Clark St,member,41.95708919334188,-87.66419990378633,2340
Lake Park Ave & 35th St,member,41.831268793357665,-87.60880307157578,2329
Halsted St & 35th St,member,41.830670672281904,-87.64714651944993,2327
Talman Ave & Addison St,member,41.94664105334364,-87.69461861172702,2264
Clark St & Schreiber Ave,member,41.99951853126061,-87.67081870485472,2237
Richmond St & Diversey Ave,member,41.931920740837064,-87.70123345626232,2234
Field Museum,member,41.86534199771749,-87.61794977560987,2230
Racine Ave & 15th St,member,41.86132878791085,-87.65653919992346,2221
Canal St & Harrison St,member,41.874249171027024,-87.63957517334684,2220
St. Louis Ave & Fullerton Ave,member,41.92483021708046,-87.71450215477242,2175
California Ave & Montrose Ave,member,41.961046796324545,-87.69542141722145,2163
Milwaukee Ave & Fullerton Ave,member,41.922863346280685,-87.70036870865678,2159
Sheridan Rd & Columbia Ave,member,42.00456634486098,-87.66144755153383,2158
Claremont Ave & Hirsch St,member,41.90776283226152,-87.6858535221638,2149
Kedzie Ave & Palmer Ct,member,41.92151426075223,-87.70727674923836,2127
Greenview Ave & Jarvis Ave,member,42.01596903726496,-87.66859061769706,2106
W Armitage Ave & N Sheffield Ave,member,41.91878987182646,-87.65193409264143,2086
N Carpenter St & W Lake St,member,41.88755184271569,-87.65173613320098,2040
Wood St & Webster Ave,member,41.92104540043222,-87.67280514378683,2036
Calumet Ave & 21st St,member,41.85416427967407,-87.61917301878024,2025
Campbell Ave & Montrose Ave,member,41.961541628838255,-87.69117912205809,1997
Ogden Ave & Roosevelt Rd,member,41.8665052881115,-87.68461234074837,1991
Clinton St & 18th St,member,41.85793924824597,-87.64083765547883,1984
Wabash Ave & Cermak Rd,member,41.85261694357035,-87.62652866057992,1983
Leavitt St & Lawrence Ave,member,41.968837831055026,-87.6840006630742,1981
Ashland Ave & Belle Plaine Ave,member,41.956077826729306,-87.66884517603351,1969
W Oakdale Ave & N Broadway,member,41.93707964017356,-87.64268551423176,1959
Leavitt St & Addison St,member,41.94659584502055,-87.68333580977904,1946
Museum of Science and Industry,member,41.79178392239524,-87.58397170109156,1933
Halsted St & Archer Ave,member,41.84721447622993,-87.64684540125842,1931
Lincoln Ave & Byron St,member,41.95206655043184,-87.67759328151925,1922
Western Ave & Monroe St,member,41.879812393139716,-87.68607691047619,1911
Greenwood Ave & 47th St,member,41.80981637521008,-87.59934766905988,1904
Campbell Ave & Fullerton Ave,member,41.924122883116404,-87.68824461434392,1890
Washtenaw Ave & Lawrence Ave,member,41.968914117638214,-87.69610851175523,1863
Hoyne Ave & Balmoral Ave,member,41.97988031977814,-87.68194598773269,1848
Kimball Ave & Belmont Ave,member,41.93939336831791,-87.71206187832335,1837
Wentworth Ave & Cermak Rd*,member,41.853209936034105,-87.63186118817931,1818
Fort Dearborn Dr & 31st St*,member,41.83865565142146,-87.60871314255532,1808
University Library (NU),member,42.05293927385388,-87.67340995519241,1793
Laflin St & Cullerton St,member,41.854896074838166,-87.66363336625558,1792
Central Park Ave & Elbridge Ave,member,41.9353492791475,-87.71685817429614,1783
Damen Ave & Walnut (Lake) St,member,41.885953090219964,-87.6770192725832,1773
Buckingham Fountain (Temp),member,41.868619422246745,-87.62397269583475,1767
Clark St & Columbia Ave,member,42.00445337186431,-87.67239961516533,1754
California Ave & Fletcher St,member,41.938438603135786,-87.69799705952244,1738
Damen Ave & Madison St,member,41.88145657971676,-87.67490780378613,1730
Damen Ave & Wabansia Ave,member,41.91190060425334,-87.67777660191749,1721
Blackstone Ave & 59th St,member,41.787948426385334,-87.59050045441211,1718
Elston Ave & Wabansia Ave,member,41.91289092782196,-87.66414561950148,1685
State St & 19th St,member,41.85658177303031,-87.62754589576352,1683
Halsted St & 21st St,member,41.8537927731123,-87.64658734747312,1674
Oakley Ave & Irving Park Rd,member,41.954317194940266,-87.68607970283752,1674
Paulina St & Howard St,member,42.0191522787265,-87.67356538494239,1649
Lincoln Ave & Winona St,member,41.974911485143906,-87.69261328179424,1633
Damen Ave & Cullerton St,member,41.85497261387931,-87.67566007189039,1624
Chicago Ave & Washington St,member,42.03256478924691,-87.6791526906605,1620
Wilton Ave & Diversey Pkwy*,member,41.932424596210524,-87.65271340647058,1615
Halsted St & North Branch St,member,41.899374352033895,-87.64851985558066,1593
Troy St & Elston Ave,member,41.94523031233249,-87.70664485962706,1582
May St & Cullerton St,member,41.85522655193897,-87.65416848894469,1573
Kosciuszko Park,member,41.93055790126356,-87.72381367300575,1567
California Ave & Byron St,member,41.952161707988395,-87.69806126143779,1551
Troy St & North Ave,member,41.90980343395547,-87.705284128389,1527
Central Park Ave & Bloomingdale Ave,member,41.91416286682058,-87.71676457069921,1516
Avers Ave & Belmont Ave,member,41.939407636122176,-87.7235711235923,1506
Avondale Ave & Irving Park Rd,member,41.9534027438369,-87.73198730941844,1496
Bernard St & Elston Ave,member,41.94992820544541,-87.71396231073007,1493
Manor Ave & Leland Ave,member,41.965876571323825,-87.70082740418194,1473
Wallace St & 35th St,member,41.83067581792658,-87.64127491225017,1471
Racine Ave & 35th St,member,41.83065853735836,-87.6561891786075,1465
Wentworth Ave & 35th St,member,41.83078400456477,-87.63250206522275,1459
Francisco Ave & Foster Ave,member,41.97564805624734,-87.70142395989339,1407
Albany Ave & Montrose Ave,member,41.961036786039536,-87.70584761043192,1366
Kedzie Ave & Leland Ave,member,41.966684831307234,-87.70807425169129,1354
Glenwood Ave & Touhy Ave,member,42.01274426975392,-87.66604542709918,1341
Malcolm X College,member,41.877614094713856,-87.67389743853916,1328
Cherry Ave & Blackhawk St,member,41.90722536188119,-87.65564010923077,1313
N Sheffield Ave & W Wellington Ave,member,41.93777829087023,-87.65222708104581,1310
Smith Park,member,41.892009582639,-87.68935954845732,1277
Winchester (Ravenswood) Ave & Balmoral Ave,member,41.97977246724706,-87.6775644270196,1275
N Paulina St & Lincoln Ave,member,41.94273492502758,-87.67113149885736,1269
Lake Park Ave & 47th St,member,41.80943747982056,-87.59187712341762,1226
Sheridan Rd & Greenleaf Ave,member,42.010589415438744,-87.66241393039735,1208
Noble St & Milwaukee Ave (Temp),member,41.899841611028194,-87.6615105099088,1206
Rockwell St & Fletcher St,member,41.939243992057094,-87.69188988515533,1191
MTV Hubbard St,member,41.8898461020942,-87.68022055953743,1189
University Ave & 59th St,member,41.78787718334735,-87.59893114326324,1189
Drake Ave & Addison St,member,41.947363911778154,-87.71759244478407,1181
Monticello Ave & Irving Park Rd,member,41.95399485196878,-87.71908029647008,1153
Woodlawn Ave & 58th St,member,41.789386041945896,-87.59648366639617,1146
Western Ave & Lunt Ave,member,42.00851041486702,-87.69040706999999,1128
Ashland Ave & Archer Ave,member,41.83917318081204,-87.66560706979014,1096
MLK Jr Dr & Pershing Rd,member,41.824587960526316,-87.61678561016917,1064
Christiana Ave & Lawrence Ave,member,41.96835827717949,-87.7118354299905,1053
Western Ave & 21st St,member,41.854092130427354,-87.68584544247864,1053
Eastlake Ter & Howard St,member,42.019195690844526,-87.66431505043187,1042
Cottage Grove Ave & 51st St,member,41.803026505509216,-87.6066144884966,1031
Cottage Grove Ave & 47th St,member,41.80985084802554,-87.60675331274068,1018
Knox Ave & Montrose Ave,member,41.96064838946903,-87.74537710102261,1017
Elston Ave & George St,member,41.93291205319043,-87.6906205,1003
Cottage Grove Ave & 63rd St,member,41.78056512157041,-87.60602434419452,987
Spaulding Ave & Division St,member,41.9026945806341,-87.70914814589398,962
Woodlawn Ave & Lake Park Ave,member,41.81409045671891,-87.59700863602926,957
State St & 29th St,member,41.841713508545645,-87.62694053100849,942
N Southport Ave & W Newport Ave,member,41.94284524227902,-87.66281923052183,939
Clark St & Jarvis Ave,member,42.01596573334405,-87.67500117622723,933
N Damen Ave & W Chicago Ave,member,41.8966805904646,-87.67848233751107,904
Campbell Ave & Augusta Blvd,member,41.899537533281425,-87.68947992797553,899
Western Ave & Granville Ave,member,41.994165973104614,-87.68944820552306,889
Buckingham Fountain,member,41.874366925355936,-87.62136862842938,885
Racine Ave & 13th St,member,41.86504486092655,-87.65697922970621,885
Loomis St & Archer Ave,member,41.84163361795454,-87.65746320192045,880
Drake Ave & Montrose Ave,member,41.96115598232,-87.71659087054857,875
Wells St & 19th St,member,41.85679642468134,-87.63386235530706,863
Kedzie Ave & Foster Ave,member,41.975674777768695,-87.70926926841122,856
Racine Ave & Fullerton Ave (Temp),member,41.925157996840234,-87.65725835119527,845
South Shore Dr & 67th St,member,41.77364930884661,-87.56747685737218,841
W Washington Blvd & N Peoria St,member,41.88273910660693,-87.64997933992832,837
Western Ave & Grace St,member,41.950202658590364,-87.68894061874698,830
Francisco Ave & Montrose Ave,member,41.96053408574572,-87.70046702910759,818
Warren Park West,member,42.00179030564039,-87.68882978689655,812
Wentworth Ave & 24th St,member,41.8500777390399,-87.63215053490025,802
Normal Ave & Archer Ave,member,41.849525613512505,-87.6405856013,800
Drexel Ave & 60th St,member,41.78584663278544,-87.60456703925972,797
Wood St & 35th St,member,41.830125303266335,-87.67032950570352,796
Western Ave & Howard St,member,42.01891211322825,-87.69005414491804,793
Clark St & Touhy Ave,member,42.012567497296956,-87.67431239771574,788
California Ave & Francis Pl (Temp),member,41.91848929548346,-87.69738678961832,786
Cottage Grove Ave & 43rd St,member,41.81648581355213,-87.60659592972974,777
St. Louis Ave & Balmoral Ave,member,41.98018111386719,-87.71599262204427,768
Evanston Civic Center,member,42.05703156589023,-87.68657025065596,747
Leavitt St & Archer Ave,member,41.82875786632293,-87.68065285972862,737
Bosworth Ave & Howard St,member,42.019536552343325,-87.66952937098092,734
Prairie Ave & Garfield Blvd,member,41.79498243866758,-87.61873978603022,728
Troy St & Grace St,member,41.950151485407304,-87.70771594511235,712
Keystone Ave & Montrose Ave,member,41.96108951606628,-87.72898776681556,694
Kedzie Ave & George St,member,41.932470193817124,-87.7082418671553,689
Calumet Ave & 51st St,member,41.80227990985359,-87.61806448183016,683
N Shore Channel Trail & Argyle St,member,41.97139404897361,-87.70178363892963,682
Dorchester Ave & 49th St,member,41.80571678581498,-87.59247541906021,681
Milwaukee Ave & Cuyler Ave,member,41.954469802752975,-87.74959241190476,672
Sawyer Ave & Irving Park Rd,member,41.95361237129657,-87.70929939137109,671
Western Ave & Gunnison St,member,41.969773443021474,-87.68971040111963,652
Keystone Ave & Fullerton Ave,member,41.92457262080745,-87.72788063545032,644
Washtenaw Ave & Polk St,member,41.87082332934169,-87.69273648935737,638
Clinton St & Polk St,member,41.87145597058085,-87.64095007021977,637
Warren Park East,member,42.004553851983474,-87.68064798123967,605
Kedzie Ave & Bryn Mawr Ave,member,41.982242723071785,-87.70890044689482,599
Kildare Ave & Montrose Ave,member,41.96107801887395,-87.7356916857311,595
South Shore Dr & 71st St,member,41.76640941134907,-87.56569793645868,593
Dorchester Ave & 63rd St,member,41.78040888363481,-87.59140378324233,586
Central St & Girard Ave,member,42.064306360051724,-87.68614554506897,580
Central Park Ave & North Ave,member,41.90965500586087,-87.7166474288,575
Kedzie Ave & Lake St,member,41.88475511876106,-87.70634255307965,565
Elmwood Ave & Austin St,member,42.025782055739754,-87.6841163289483,561
Western Ave & Berteau Ave,member,41.958613154125,-87.688970150125,560
Ridge Blvd & Howard St,member,42.019267298456015,-87.68453717387793,557
California Ave & Winona St,member,41.97250776084991,-87.69884325981917,553
Elston Ave & Henderson St,member,41.94110857902913,-87.70062303844661,515
Ridge Blvd & Touhy Ave,member,42.01213336953125,-87.68292392720703,512
Oakley Ave & Touhy Ave,member,42.01233871094674,-87.68825045244576,507
Prairie Ave & 43rd St,member,41.81666599852,-87.61941295780001,500
California Ave & Lake St,member,41.884461199311744,-87.69630587852227,494
Central St Metra,member,42.0637071162268,-87.69871112084536,485
Loomis St & Lexington St*,member,41.87217478246888,-87.66152876095435,482
Budlong Woods Library,member,41.98367295686192,-87.69642439880754,478
Rockwell St & Cermak Rd,member,41.85089863895398,-87.69033302043933,478
Dodge Ave & Church St,member,42.04831931675052,-87.69834841685534,477
2112 W Peterson Ave,member,41.99117618279411,-87.68360156460083,476
DuSable Museum,member,41.791557101673725,-87.60785306997882,472
Francisco Ave & Chicago Ave,member,41.89581411415254,-87.69864509523305,472
Cottage Grove Ave & Oakwood Blvd,member,41.822977048148935,-87.60709867221277,470
Francisco Ave & Bloomingdale Ave,member,41.912537752999995,-87.69962918373913,460
Damen Ave & Coulter St,member,41.84919440206593,-87.67564272210988,455
California Ave & 21st St,member,41.85379527814978,-87.69576079947137,454
State St & 95th St,member,41.72172098527594,-87.62283584947019,453
Kedzie Ave & Chicago Ave,member,41.89546988860619,-87.70614044860619,452
Western Ave & 24th St,member,41.84846862702461,-87.68513283375839,447
Maplewood Ave & Peterson Ave,member,41.990235456042655,-87.69336975644549,422
Wentworth Ave & 24th St (Temp),member,41.850083245805685,-87.6321527084834,422
Kilbourn Ave & Irving Park Rd,member,41.95373490076739,-87.7405555123741,417
Public Rack - Kostner Ave & Armitage Ave,member,41.91877145939468,-87.73835982026634,413
Kenosha & Wellington,member,41.93180392597051,-87.73153400857494,407
Archer (Damen) Ave & 37th St,member,41.82671630289277,-87.68315135805486,401
MLK Jr Dr & 47th St,member,41.80984268817043,-87.61629317233083,399
Sacramento Blvd & Addison St,member,41.947627233298704,-87.70181305106493,385
Green St & Madison Ave*,member,41.881842628241465,-87.64884775083989,381
Albany Ave & Belmont Ave,member,41.93976155611702,-87.7064509081649,376
Lockwood Ave & Wrightwood Ave,member,41.92897210035616,-87.75922863808219,365
Long & Irving Park,member,41.951932968879554,-87.7613838312605,357
Whipple/Irving Park,member,41.9524558277591,-87.70255506092437,357
Eggleston Ave & 69th St,member,41.768898366910115,-87.63586668615169,356
Washtenaw Ave & Ogden Ave,member,41.861926212664756,-87.69347794481375,349
California Ave & 23rd Pl,member,41.84911946264706,-87.6951412985294,340
Halsted St & 96th St,member,41.71971693752239,-87.64294343755223,335
Lincoln Ave & Balmoral Ave,member,41.97966477696696,-87.69190824156156,333
Valli Produce - Evanston Plaza,member,42.03972636372727,-87.69941892751515,330
Jeffery Blvd & 71st St,member,41.76662274349544,-87.57643683164133,329
Princeton Ave & 47th St,member,41.80932320262997,-87.63345721272171,327
63rd St Beach,member,41.780919873209875,-87.57631673441358,324
Dodge Ave & Main St,member,42.03473189898148,-87.69916471481481,324
Campbell Ave & Irving Park Rd,member,41.952195678421056,-87.69049000795665,323
Halsted St & 37th St,member,41.8270795886478,-87.6457214190566,318
Kedzie Ave & 48th Pl,member,41.80223618855346,-87.70190134704403,318
Wolcott Ave & Fargo Ave,member,42.01694857022012,-87.67771614235849,318
Public Rack - Hamlin Ave & Fullerton Ave,member,41.92206459133333,-87.72062038234921,315
Chicago State University,member,41.718969661602564,-87.60840056727564,312
Conservatory Dr & Lake St,member,41.88549736767974,-87.71686397362745,306
Pulaski Rd & 51st St,member,41.80022500029412,-87.72246125745097,306
Public Rack - Racine Ave & 109th Pl,member,41.69201148032787,-87.65112601868853,305
May St & 69th St,member,41.768951435666665,-87.65294150053333,300
Kostner Ave & Wrightwood Ave,member,41.92872581047945,-87.73752035393835,292
Public Rack - Washtenaw Ave & Superior St,member,41.8929902794863,-87.69477046482876,292
Central Park Ave & Ogden Ave,member,41.85395532621993,-87.71511816738831,291
Kilbourn Ave & Milwaukee Ave,member,41.94706711165493,-87.73998820922536,284
Dodge Ave & Mulford St,member,42.02355332808989,-87.69960927602996,267
Princeton Ave & Garfield Blvd,member,41.79498050658915,-87.63312303515504,258
N Clark St & W Elm St,member,41.902000137,-87.63111851012,250
Lincoln Ave & Peterson Ave,member,41.990148274876034,-87.70913309330578,242
Austin Blvd & Madison St,member,41.88028919854167,-87.774470124375,240
Ashland Ave & McDowell Ave,member,41.80886928758474,-87.66453729694915,236
Central Ave & Chicago Ave,member,41.89495996334746,-87.7649061679661,236
Elizabeth St & 59th St,member,41.78985195965665,-87.6546989107296,233
Ashland Ave & 50th St,member,41.803009794698276,-87.66469598715517,232
Cottage Grove Ave & 83rd St,member,41.74344691773913,-87.60484487691305,230
Narragansett & Irving Park,member,41.951562666622806,-87.78723545232457,228
Kilpatrick Ave & Parker Ave,member,41.930412163422226,-87.74221342457777,225
Stony Island Ave & 71st St,member,41.766488279288886,-87.5864626679111,225
Cottage Grove Ave & 67th St,member,41.77373155556561,-87.60564739366515,221
South Shore Dr & 74th St,member,41.762209096834866,-87.55924462894495,218
Stony Island Ave & 75th St,member,41.75867196986175,-87.58689270751152,217
Public Rack - Pulaski Rd & Armitage Ave,member,41.91814739544186,-87.72815510506977,215
Sacramento Blvd & Franklin Blvd,member,41.89052490390698,-87.70263425046512,215
Lincolnwood Dr & Central St,member,42.06480684990476,-87.71530959504763,210
Public Rack - Washtenaw Ave & Devon Ave,member,41.99863273580952,-87.69836902404762,210
Austin Blvd & Lake St,member,41.88793941197115,-87.774369109375,208
Kostner Ave & Adams St,member,41.87791641451923,-87.73591104673076,208
Ping Tom Park (East),member,41.858290914444446,-87.631918795169085,207
Public Rack - Hamlin Ave & Montrose Ave,member,41.96043799492683,-87.7209829392683,205
Public Rack - Lawndale Ave & Diversey Ave,member,41.9309449070098,-87.71963442264706,204
Fairfield Ave & Roosevelt Rd,member,41.866630293054186,-87.69452139522167,203
Jeffery Blvd & 67th St,member,41.77351678182266,-87.57727161541872,203
Narragansett & Wrightwood,member,41.92896591442786,-87.78817656960199,201
Kedzie Ave & 21st St,member,41.85354587396985,-87.70505570879396,199
California Ave & 26th St,member,41.84370714348485,-87.69493990323232,198
Ashland Ave & Pershing Rd,member,41.823461124,-87.66557925328205,195
State St & 79th St,member,41.750791691770836,-87.62443535854167,192
Pulaski Rd & Eddy St,member,41.946279687967916,-87.73105418598931,187
Kedzie Ave & 57th St,member,41.78989915726257,-87.70184757480448,179
Public Rack - Champlain Ave & 65th St,member,41.77725759622857,-87.60961260297142,175
Stony Island Ave & 63rd St,member,41.780404796416185,-87.58750657763007,173
Michigan Ave & 71st St,member,41.76529490450292,-87.62174446304094,171
Public Rack - Western Ave & Devon Ave,member,41.99865906364706,-87.68987241364705,170
Western Blvd & 48th Pl,member,41.805667032916666,-87.68338130583334,168
Public Rack - Hyde Park Blvd & 53rd St,member,41.79961670753012,-87.58369391024097,166
Central Ave & Parker Ave,member,41.93004701085889,-87.7688056,163
Shields Ave & 43rd St,member,41.816200843148145,-87.63471905419753,162
MLK Jr Dr & 56th St,member,41.793447245125,-87.6158574088125,160
Millard Ave & 26th St,member,41.8445411020625,-87.715950316,160
Public Rack - Cicero Ave & Wrightwood Ave,member,41.9290044931875,-87.74840882825,160
Campbell Ave & Montrose Ave (Temp),member,41.96153372031847,-87.69295758713376,157
St Louis Ave & 59th St,member,41.78681585955414,-87.7104331655414,157
Public Rack - Kedzie Ave & Argyle St,member,41.971163469025974,-87.70929653733766,154
Washtenaw Ave & Peterson Ave,member,41.9903447237013,-87.698600874740265,154
Public Rack - Milwaukee Ave & Diversey Ave,member,41.930750169271526,-87.71063874576159,151
Indiana Ave & 40th St,member,41.821674965503355,-87.62151577449664,149
Greenwood Ave & 97th St,member,41.71871593289655,-87.59698284786207,145
Public Rack - Monticello Ave & Belmont Ave,member,41.93950202751724,-87.7189163784138,145
Elizabeth St & 92nd St,member,41.72683563881119,-87.65431165972028,143
Public Rack - Kostner Ave & Diversey Ave,member,41.93144502881119,-87.73768790237762,143
Public Rack - Woodlawn Ave & 63rd St N,member,41.780374683216785,-87.59775913692307,143
Kildare Ave & 47th St,member,41.80824300922535,-87.73062188788732,142
Eberhart Ave & 61st St,member,41.784101300354614,-87.61449894241134,141
Public Rack - Rockwell & Division,member,41.90216564085714,-87.691690723,140
Central Ave & Roscoe St,member,41.94076456618705,-87.76895930028776,139
Damen Ave & Pershing Rd,member,41.82319896166667,-87.6766027331884,138
Virginia Ave & Catalpa Ave,member,41.98081265905797,-87.70459699210144,138
Narragansett Ave & School St,member,41.94006893846715,-87.78817143335766,137
Wentworth Ave & 63rd St,member,41.780080773795625,-87.62977727036497,137
Halsted St & 47th Pl,member,41.80814787036765,-87.64562199558823,136
Public Rack - Milwaukee Ave & Haussen Ct,member,41.93852176882353,-87.72107593,136
Richmond St & Lincoln Ave,member,41.98924015455882,-87.70139032911764,136
Baltimore Ave & 87th St,member,41.7373427175188,-87.54849870872181,133
Kilbourn & Roscoe,member,41.94184633330827,-87.73969408804511,133
Perry Ave & 69th St,member,41.769284886363636,-87.62820986962122,132
Calumet Ave & 71st St,member,41.76551797473282,-87.61692796320611,131
Public Rack - Spaulding Ave & North Ave,member,41.91001071415384,-87.70973701907693,130
Burnham Greenway & 112th St,member,41.69177091589147,-87.5304389188372,129
Hoyne Ave & 47th St,member,41.80822843825397,-87.67719051666667,126
Stony Island Ave & 67th St,member,41.77346000912,-87.58533457544,125
Lamon Ave & Belmont Ave,member,41.93955506064516,-87.74968713459677,124
Public Rack - Spaulding Ave & Evergreen Ave,member,41.90758560967742,-87.70967297032257,124
State St & Pershing Rd,member,41.82303019298387,-87.62657257854838,124
Wabash Ave & 87th St,member,41.73659197243902,-87.62264338674797,123
Halsted St & 51st St,member,41.801792329590164,-87.64522292844262,122
Public Rack - Nagle Ave & Belmont Ave,member,41.939183491416664,-87.78876520216667,120
Public Rack - Avers Ave & Irving Park Rd,member,41.951650659831934,-87.7218507130252,119
Stony Island Ave & 64th St,member,41.7788807315126,-87.58665356739496,119
MLK Jr Dr & 63rd St,member,41.78008534333333,-87.61595377136753,117
Public Rack - Harold Washington Park,member,41.8004847200862,-87.582254135,116
Public Rack - Lockwood Ave & Diversey Ave,member,41.93023357663793,-87.75984886568966,116
Racine Ave & Garfield Blvd,member,41.79422714591304,-87.65510479956522,115
Public Rack - Walden Pkwy & 103rd St,member,41.70915354263158,-87.6697915054386,114
Kedzie Ave & Roosevelt Rd,member,41.86651152681416,-87.70648916893805,113
Lamon Ave & Armitage Ave,member,41.91770929178571,-87.74963402991071,112
Public Rack - Western Blvd & 49th St,member,41.80257917639639,-87.6813959845946,111
Vincennes Ave & 104th St,member,41.70493670636364,-87.65695414081819,110
Harlem & Irving Park,member,41.95167307036697,-87.80853714678899,109
State St & 54th St,member,41.796625239074075,-87.62591923453704,108
Union Ave & Root St,member,41.81945932046296,-87.64308223583333,108
Commercial Ave & 83rd St,member,41.74462067970874,-87.55120545126213,103
Public Rack - Christiana Ave & Belmont Ave,member,41.93963764097087,-87.7108490468932,103
Kedzie Ave & 45th St,member,41.81042169264706,-87.70117468470589,102
Public Rack - Milwaukee Ave & School St,member,41.940309997647056,-87.7276833540196,102
Francisco Ave & 47th St,member,41.80893071514851,-87.6977103090099,101
Marshfield Ave & 44th St,member,41.81400568455446,-87.66663075910891,101
Vernon Ave & 75th St,member,41.75836163079208,-87.61414216831683,101
Hoyne Ave & 34th St,member,41.8309201454,-87.6790054978,100
Stony Island Ave & 90th St,member,41.7313983679,-87.5857490508,100
Western Ave & Lake St,member,41.882750353,-87.6876260122,100
Fairfield Ave & 44th St,member,41.81199983765306,-87.69178299948979,98
Halsted St & 63rd St,member,41.77938996387755,-87.64465367244898,98
Sacramento Blvd & Fulton Ave,member,41.88861263479592,-87.70066100510205,98
Kedzie Ave & Harrison St,member,41.873612480618554,-87.70487880030927,97
Morgan St & Pershing Rd,member,41.8236208690625,-87.65092054302083,96
Rainbow Beach,member,41.757875469687505,-87.54937761052084,96
Kilpatrick Ave & Grand Ave,member,41.91156201915789,-87.74207502652631,95
Public Rack - Langley Ave & 49th St,member,41.80503916936842,-87.60917233378947,95
California & 16th St,member,41.85953299956989,-87.6970985983871,93
Ewing Ave & Burnham Greenway,member,41.8455610816129,-87.61597264139785,93
Kenton Ave & Madison St,member,41.88070344336956,-87.7409852971739,92
Public Rack - Rockwell Ave & Touhy Ave ,member,42.01099616271739,-87.6979201,92
Albany Ave & 26th St,member,41.844525438021975,-87.70192100076923,91
Central Park Ave & 24th St,member,41.848163276703296,-87.71508664252747,91
Cicero Ave & Grace St,member,41.94979700333333,-87.747570224,90
Pulaski Rd & Lake St,member,41.885382959888894,-87.72657434255555,90
Rockwell St & Archer Ave,member,41.821126876179775,-87.68988540011236,89
Mozart St & Jackson Blvd,member,41.87943056670455,-87.69940612272727,88
Public Rack - Hyde Park Blvd & 55th St,member,41.796153265681816,-87.5830778765909,88
Martin Luther King Dr & 111th St,member,41.69100505344827,-87.61138383103449,87
Public Rack - Hollywood Park,member,41.98928254367816,-87.71182635103449,87
Pulaski & Ann Lurie Pl,member,41.817800975,-87.72297081883721,86
Artesian Ave & 55th St,member,41.791559474705885,-87.68837836635294,85
Central Ave & Lake St,member,41.88767100376471,-87.76545748129412,85
Halsted St & 111th St,member,41.69228008717647,-87.64269762352941,85
Public Rack - Cumberland & Catherine,member,41.977332476470586,-87.83672856317646,85
Central Park Blvd & 5th Ave,member,41.87567584373494,-87.71547732831326,83
East End Ave & 87th St,member,41.73681173084338,-87.58280106650602,83
Pulaski Rd & Eddy St (Temp),member,41.9462767953012,-87.73105090156626,83
Laramie Ave & Madison St,member,41.880218238414635,-87.75537176731707,82
Sayre & Diversey,member,41.930171315609755,-87.80017878731707,82
Evans Ave & 75th St,member,41.75849721975309,-87.60641968876543,81
Vernon Ave & 79th St,member,41.750947343924054,-87.61378528240506,79
Public Rack - Hoyne Ave & 110th Pl,member,41.690138710256406,-87.67025609679487,78
Meade Ave & Diversey Ave,member,41.930558243766235,-87.77898264324675,77
Stony Island Ave & 82nd St,member,41.746561587012984,-87.58600022753247,77
Western Ave & Ardmore Ave,member,41.98745880558442,-87.6897563209091,77
Walden Pkwy & 100th St,member,41.71220262368421,-87.66772814210526,76
Western Ave & 111th St,member,41.691222751842105,-87.68130498710526,76
Long Ave & Belmont Ave,member,41.939156395333335,-87.76083834960001,75
Phillips Ave & 79th St,member,41.7518196072,-87.5652286156,75
Public Rack - Loomis St & 87th St,member,41.739884863200004,-87.65994301559999,75
Public Rack - Milwaukee Ave & Higgins Ave,member,41.9686770648,-87.761210254,75
Greenwood Ave & 79th St,member,41.75131172369863,-87.59653131657535,73
Narragansett & McLean,member,41.917022873424656,-87.78645538438356,73
Dauphin Ave & 87th St,member,41.736521786901406,-87.60126024887323,71
Major Taylor Trail & 115th St,member,41.68504807816901,-87.64541600901408,71
Yates Blvd & 75th St,member,41.75872167887324,-87.5664176084507,71
Loomis Blvd & 84th St,member,41.741512402428576,-87.65841602457142,70
Public Rack - Lavergne & Lawrence,member,41.967908620735294,-87.7524987817647,68
Public Rack - California Ave & Devon Ave - NE,member,41.99843893925373,-87.69976643582089,67
Public Rack - Lowell Ave & Elston Ave,member,41.96799464641791,-87.73844627731343,67
Monticello Ave & Lawrence Ave,member,41.9681852860606,-87.71954010757575,66
Public Rack - California Ave & Cortez St,member,41.90017790636364,-87.69756190151516,66
Pulaski Rd & Congress Pkwy,member,41.87441209863636,-87.72610057560605,66
Ashland Ave & 63rd St,member,41.779380289230765,-87.66487966261539,65
Halsted St & 69th St,member,41.76905156415385,-87.64459784384616,65
Kedzie Ave & 24th St,member,41.848199796,-87.7054444436923,65
Long Ave & Belden Ave,member,41.92161271338462,-87.76055576153847,65
Damen Ave & 51st St,member,41.80089452078125,-87.674660950625,64
Public Rack - Pulaski Rd & 44th St,member,41.81090157825397,-87.72084668301588,63
Central Ave & Madison St,member,41.88012273548387,-87.76322075774193,62
Western Ave & 28th St,member,41.8415289066129,-87.6851566533871,62
Latrobe Ave & Chicago Ave,member,41.89473454147541,-87.75687982065574,61
Public Rack - Kilbourn Ave & Fullerton Ave,member,41.92,-87.74,61
Maryland Ave & 104th St,member,41.709267511166665,-87.6004838475,60
Public Rack - Kimball Ave & Carmen Ave,member,41.97275454783333,-87.71234696249999,60
Houston Ave & 92nd St,member,41.72820713644068,-87.54957527050847,59
Komensky Ave & 31st St,member,41.83755114491525,-87.72674479237288,59
Public Rack - Jensen Park,member,41.963055489661016,-87.72039906677966,59
Public Rack - Avers & Lawrence,member,41.968410693275864,-87.72424688689655,58
Austin Blvd & Chicago Ave,member,41.89486851421052,-87.77463419192982,57
Prospect Sq & 91st St,member,41.72804262649123,-87.66758051894737,57
Public Rack - Laramine Ave & Winnemac Ave,member,41.97171440052632,-87.75769863912281,57
Public Rack - Wilbur Wright College South,member,41.958344468771934,-87.78742925210527,57
Sacramento Ave & 25th St,member,41.8471797054386,-87.7001270740351,57
Big Marsh Park,member,41.68587730339286,-87.57381751553572,56
Hale Ave & 107th St,member,41.69921315892857,-87.66888904125,56
Hastings LWS,member,41.86,-87.68,56
Jeffery Blvd & 76th St,member,41.7571218075,-87.57584437482143,56
Kilbourn & Belden,member,41.921601269285716,-87.73931469553571,56
McCormick Blvd & Devon Ave,member,41.99713443642857,-87.71121428839287,56
Halsted St & 78th St,member,41.75250298351852,-87.64380289037037,54
Lavergne & Fullerton,member,41.922583440925926,-87.75076872814815,54
Exchange Ave & 79th St,member,41.75172002735849,-87.55281437490567,53
Hamlin Ave & 62nd Pl,member,41.77997816679245,-87.71963040301887,53
Public Rack - Campbell Ave & Pratt Blvd,member,42.0064744945283,-87.69183767226416,53
Stewart Ave & 83rd St,member,41.743706178867924,-87.63408433886792,53
Stony Island Ave & South Chicago Ave,member,41.75117231132076,-87.58534001283019,53
Public Rack - Olmstead Ave & Oliphant Ave,member,42.00214580173077,-87.81732275307692,52
Hamlin Ave & Grand Ave,member,41.903221296862746,-87.72125704843137,51
Homewood Ave & 115th St,member,41.68460800156863,-87.67080553705883,51
Maplewood Ave & 59th St,member,41.78740104529412,-87.68821012627451,51
Public Rack - Forest Glen & Peterson,member,41.9898739127451,-87.74273832921568,51
Public Rack - Midway Orange Line,member,41.78698607039215,-87.73854783686275,51
Loomis St & 89th St,member,41.732436687,-87.6580662212,50
Stewart Ave & 63rd St,member,41.7798420378,-87.6347774484,50
Cottage Grove Ave & 111th Pl,member,41.69168633612245,-87.61001288979593,49
Cicero Ave & Lake St,member,41.886869635416666,-87.74533513083333,48
Commercial Ave & 130th St,member,41.659147108125,-87.55075681854167,48
Damen Ave & 59th St,member,41.785948131875,-87.67415751291666,48
Komensky Ave & 55th St,member,41.79191403375,-87.722434579375,48
Kenosha Ave & Wellington Ave,member,41.934473480212766,-87.73378687361702,47
Public Rack - Lafayette Ave & 95th St,member,41.72102493446808,-87.62318169723405,47
Public Rack - Christiana Ave & Archer Ave,member,41.810041145,-87.70995218478261,46
Sacramento Blvd & Polk St,member,41.87014571630434,-87.70004404239131,46
Cicero Ave & Quincy St,member,41.87760519933333,-87.74538809311112,45
Cicero Ave & Flournoy St,member,41.87214199409091,-87.7466397375,44
Greenwood Ave & 91st St,member,41.728673941590905,-87.59728613681818,44
Mason Ave & Belmont Ave,member,41.93906654568182,-87.77141454863636,44
Ashland Ave & 78th St,member,41.752222500465116,-87.6637977227907,43
Cottage Grove Ave & 71st St,member,41.765733526744185,-87.60501989558139,43
Elizabeth St & 47th St,member,41.80839879214286,-87.65652388833334,42
Kedzie Ave & 52nd St,member,41.79964186142857,-87.70132419904762,42
Mulligan Ave & Wellington Ave,member,41.93056692023809,-87.78052010357143,42
Public Rack - Brandon Ave & 91st St,member,41.730108355,-87.5478223092857,42
Public Rack - Irving Park Rd & Leclaire Ave,member,41.95308887047619,-87.75442636309523,42
Public Rack - Parkside & Archer,member,41.795676492619044,-87.76347779404762,42
Public Rack - Pulaski & Rosemont,member,41.995242460238096,-87.72884766238096,42
California Ave & 36th St,member,41.82891464804878,-87.69274259536586,41
Karlov Ave & Madison St,member,41.88085845439024,-87.72793367731707,41
Public Rack - California Ave & Touhy Ave - NW,member,42.01108986926829,-87.69993615756098,41
St Louis Ave & Norman Bobbins Ave,member,41.79246319121951,-87.71068787829267,41
Burnham Greenway & 105th St,member,41.7045865765,-87.52826680825,40
Public Rack - Prairie Ave & 47th St ,member,41.8098749505,-87.61979640325,40
Public Rack - Washington Park Ct & 51st St,member,41.802007462,-87.6154764245,40
Richmond St & 59th St,member,41.7870591845,-87.69765367175,40
Spaulding Ave & 63rd St,member,41.7798512925,-87.709224075,40
Francisco Ave & Hollywood Ave,member,41.98341318948718,-87.70121643205128,39
Nordica & Medill,member,41.92110642307692,-87.8009972225641,39
Constance Ave & 95th St,member,41.722216889473685,-87.57896352631579,38
Laramie Ave & Kinzie St,member,41.88783137868421,-87.75557946657895,38
Meade Ave & Addison St,member,41.94742503368421,-87.77932794973684,38
Monticello Ave & Chicago Ave,member,41.89711729657895,-87.71845870447369,38
Public Rack - Ashland Ave & 91st St,member,41.728477117894734,-87.66258604421053,38
Public Rack - California Ave & Devon Ave - NW,member,41.999153984473686,-87.69980906578948,38
Eberhart Ave & 91st St,member,41.729281875135136,-87.61136281675677,37
Pulaski Rd & 21st St,member,41.85223551,-87.72294757486486,37
Ashland Ave & 74th St,member,41.75921241472222,-87.66347593972222,36
Buckingham - Fountain,member,41.876585894444446,-87.62043598972221,36
Public Rack - Calumet Ave & 51st St,member,41.80197862194444,-87.61845458555555,36
Public Rack - Kilpatrick & Elston,member,41.96994713944444,-87.74290885166667,36
Public Rack - King Dr & 115th St,member,41.68757159277778,-87.61177067,36
Public Rack - Milwaukee Ave & Addison St,member,41.94893852472222,-87.73875556333333,36
Public Rack - State ST & 42nd St,member,41.81960899805556,-87.62832459444444,36
Public Rack - Western Ave & 96th St,member,41.71872617694444,-87.68154749194444,36
Summit Ave & 86th St,member,41.74208509333333,-87.64587390638889,36
Tripp Ave & 15th St,member,41.860456909722224,-87.73086921944444,36
Albany Ave & 16th St,member,41.85949186885714,-87.70225616514286,35
Ashland Ave & 66th St,member,41.774076554,-87.66377620628572,35
Hegewisch Metra Station,member,41.64852345285714,-87.54612452771428,35
Indiana Ave & 103rd St,member,41.70713105428571,-87.61848848942857,35
Lawndale Ave & 30th St,member,41.83959767457143,-87.71882615028571,35
Public Rack - Cicero Ave & Altgeld St,member,41.927225340285716,-87.74770065457143,35
Public Rack - Halsted St & 95th St - SE,member,41.72020715714286,-87.640875474,35
Public Rack - Keystone Ave & North Ave,member,41.909937588285715,-87.72913906085715,35
Public Rack - Nashotah & Northwest Hwy,member,41.988182416,-87.791262654,35
Cottage Grove Ave & 78th St,member,41.753182209705884,-87.60501363823529,34
Damen Ave/Coulter St,member,41.84920843941177,-87.67564475411764,34
Halsted St & 104th St,member,41.70514731588235,-87.64242897058823,34
Public Rack - 4810 Keeler Ave,member,41.96834357764706,-87.73292363294118,34
Public Rack - Milwaukee Ave & Culyer Ave,member,41.953225780588234,-87.74963823529411,34
Public Rack - Milwaukee Ave & Kennedy Expy,member,41.97124493235294,-87.76385844441177,34
Public Rack - Sacramento Ave & Devon Ave,member,41.99883236617647,-87.70213465970589,34
Campbell Ave & 51st St,member,41.800312477272726,-87.68891938242425,33
Homan Ave & Fillmore St,member,41.86914191545454,-87.71037689272727,33
Public Rack - Austin Ave & Wrightwood Ave,member,41.928732794848486,-87.77777619909091,33
Kostner Ave & Lake St,member,41.8859278528125,-87.7353973146875,32
Public Rack - Kedzie Ave & 58th St,member,41.789323746875,-87.70144677,32
Public Rack - Kedzie Ave & 60th St,member,41.7850694790625,-87.7031904959375,32
Public Rack - Keystone Ave & Irving Park Rd,member,41.9527516959375,-87.7299240884375,32
Western Ave & 104th St,member,41.7046026034375,-87.681144014375,32
Public Rack - 111th St - Morgan Park Metra,member,41.69173499064516,-87.6703565216129,31
Public Rack - Central Ave & Pensacola Ave,member,41.96001046580645,-87.7671677,31
Public Rack - Kimball & Ardmore,member,41.9871140283871,-87.71382057096774,31
Central Ave & Harrison St,member,41.87300535533333,-87.76450291233333,30
Central Park & Augusta Blvd,member,41.89923669833333,-87.717625954,30
Public Rack - Forrestville Ave & 47th St,member,41.809483068333336,-87.61249542266667,30
Public Rack - Kedzie Ave & 62nd Pl,member,41.780032393333336,-87.70116313933333,30
Springfield Ave & 47th St,member,41.809424542,-87.72037128333334,30
Vincennes Ave & 75th St,member,41.75797067766667,-87.63121067766666,30
Halsted St & 59th St,member,41.78756031689655,-87.64487887551724,29
Public Rack - McCormick Blvd & Devon Ave,member,41.99870916793103,-87.7106882224138,29
State St & 76th St,member,41.75702063137931,-87.62460853689656,29
MLK Jr Dr & 83rd St,member,41.74310945571428,-87.61480398785714,28
Olive Harvey College,member,41.70955464357143,-87.59023048714286,28
Public Rack - Fairfield Ave & 63rd St,member,41.77994501214286,-87.690215405,28
Public Rack - Pulaski Rd & Fullerton Ave,member,41.923280271428574,-87.7283500325,28
Steelworkers Park,member,41.73862894214286,-87.53054716892858,28
Calumet Park,member,41.71370975,-87.5308429737037,27
Clyde Ave & 87th St,member,41.737174528148145,-87.57271130296296,27
Marshfield Ave & 59th St,member,41.786797884074076,-87.66619397518518,27
Public Rack - Hamlin Ave & Grand Ave,member,41.90190759777778,-87.72014340444444,27
Public Rack - Kimball Ave & Lawrence Ave,member,41.968192807037035,-87.71296570592592,27
Rockwell St & 57th St,member,41.790159772592595,-87.68959468555555,27
Archer Ave & 43rd St,member,41.818785143846156,-87.70064316615385,26
Public Rack - N Narragansett Ave & Grand Ave,member,41.92186697692308,-87.78436821153846,26
Public Rack - Oketo Ave & Belmont Ave,member,41.938795972307695,-87.81120367923077,26
Public Rack - Rockwell & 111th St,member,41.690639265,-87.68806737807692,26
Woodlawn Ave & 75th St,member,41.75916643923077,-87.59575491846155,26
Albany Ave & Douglas Blvd,member,41.862485362,-87.7022962544,25
Ellis Ave & 83rd St,member,41.7441269976,-87.599066874,25
Fullerton & Monitor,member,41.9220172316,-87.7712026472,25
Oglesby Ave & 100th St,member,41.7133754312,-87.56585489,25
Public Rack - Austin Ave & Roscoe St,member,41.9407898992,-87.7787032848,25
Public Rack - Evans Ave & 63rd St,member,41.7803073928,-87.6083619556,25
Public Rack - Karlov Ave & Lawrence Ave,member,41.9684504432,-87.730009848,25
Public Rack - Throop St & 109th Pl,member,41.6907714216,-87.6506626204,25
Central Park Ave & Douglas Blvd,member,41.861667403333335,-87.71708703875,24
Halsted St & 56th St,member,41.79302114625,-87.64502951333333,24
Halsted St & 73rd St,member,41.76165071333333,-87.64411155916666,24
Lawndale Ave & 111th St,member,41.69131287916667,-87.71287334666667,24
Public Rack - Avondale Ave & Addison St,member,41.94769594666667,-87.7199186675,24
Public Rack - Fullerton Ave & Narragansett Ave,member,41.92349195833334,-87.78613927958334,24
Public Rack - Neva & Foster,member,41.97420030666667,-87.80649441208334,24
Public Rack - Western Ave & 47th Pl,member,41.80928205833334,-87.68176039916668,24
Avenue O & 134th St,member,41.65183739826087,-87.54019881043479,23
Marquette Ave & 89th St,member,41.733675518695655,-87.55840630956521,23
Public Rack - Keating & Peterson,member,41.990107254347826,-87.74718282086957,23
Public Rack - Sayer & Northwest Hwy,member,41.99236295304348,-87.80134871956521,23
Torrence Ave & 106th St,member,41.70282328217392,-87.55978725782609,23
Troy St & Jackson Blvd,member,41.87903275304348,-87.70232464217392,23
Bloomingdale Ave & Harlem Ave,member,41.911294184545454,-87.80731297681818,22
Harding Ave & 26th St,member,41.84229586681818,-87.72165727545455,22
Public Rack - Lawrence Ave & Kimball Ave,member,41.968652872727276,-87.71209038045454,22
Public Rack - Norwood Park Station ,member,41.99212870318182,-87.79917243545455,22
Public Rack - Spaulding Ave & Bryn Mawr Ave,member,41.98107455318181,-87.71047419727272,22
Washtenaw Ave & Madison St,member,41.88018151136364,-87.69054816818182,22
Whipple St & Roosevelt Rd,member,41.867179740454546,-87.70145272818182,22
Buckingham Fountain (Columbus/Balbo),member,41.872928304761906,-87.62260509761904,21
Commercial Ave & 100th St,member,41.71331414380953,-87.55115241714286,21
Lamon Ave & Chicago Ave,member,41.896580188095236,-87.74874127190476,21
Public Rack - Bishop St & 46th St,member,41.80975785761905,-87.66111985142857,21
Public Rack - Brainerd Park,member,41.72985411714286,-87.65023624333334,21
Public Rack - Cottage Grove & 86th St,member,41.73833539428571,-87.60428013904762,21
Public Rack - Kildare Ave & North Ave,member,41.90994085380952,-87.73223318047619,21
Public Rack - Laramie Ave & Belmont Ave,member,41.93882939142857,-87.75626941809524,21
Public Rack - Martin Luther King Dr & 44th St,member,41.814257414761904,-87.61641135333333,21
Public Rack - Prairie Ave & Garfield Blvd S,member,41.79395916428572,-87.61902102,21
Central Park Ave & Ohio St,member,41.8903671285,-87.7192970185,20
Damen Ave & 33rd St,member,41.834083256999996,-87.6756085885,20
Homan Ave & 65th St,member,41.7790409515,-87.709610891,20
Kildare & Cermak,member,41.8505772415,-87.730837683,20
Lawler Ave & 50th St,member,41.800436651,-87.749787865,20
Oak Park & Wellington,member,41.931373242,-87.7987645665,20
Public Rack - Avers & Granville,member,41.993780221499996,-87.7248965285,20
Public Rack - Central Ave & George St,member,41.9312162765,-87.768295758,20
Public Rack - Cicero Ave & Roscoe St,member,41.9416395905,-87.7481511885,20
Public Rack - Jonathan Y Scammon Public School,member,41.9410437065,-87.73156441500001,20
Public Rack - Karlov Ave & Kamerling Ave,member,41.908685471999995,-87.7296448185,20
Public Rack - Milwaukee Ave & Lawrence Ave,member,41.967780003499996,-87.76025655950001,20
Public Rack - Milwaukee Ave & Pensacola Ave,member,41.959623432,-87.7525361955,20
Public Rack - Nordica & Archer,member,41.7920493365,-87.797928729,20
Public Rack - Sawyer Ave & Lawrence Ave,member,41.968757792,-87.7098029095,20
Public Rack - Western Ave & 110th St,member,41.6935538915,-87.68110813300001,20
Public Rack - Western Ave & Jarvis Ave,member,42.0180516405,-87.690175025,20
Roscoe & Harlem,member,41.9404009135,-87.809305948,20
Sacramento Ave & Pershing Rd,member,41.820803849,-87.699875734,20
North Ave & New England Ave,member,41.90953606,-87.79821317578947,19
Phillips Ave & 83rd St,member,41.74453773263158,-87.56507676210526,19
Public Rack - Christiana & Lincoln,member,41.99298459,-87.71227871578947,19
Public Rack - Karlov Ave & Milwaukee Ave,member,41.941284988947366,-87.72994491526316,19
Public Rack - Kedzie Ave & Archer Ave,member,41.81154560473684,-87.70255700263158,19
Public Rack - Sawyer Ave & Chicago Ave,member,41.895494023157895,-87.7081223468421,19
Ashland Ave & Garfield Blvd,member,41.79287974555555,-87.6644368988889,18
Damen Ave & 74th St,member,41.75927679888889,-87.67365849111111,18
Dauphin Ave & 103rd St,member,41.707319634444445,-87.6076908138889,18
Kostner Ave & 63rd St,member,41.779460558333334,-87.73108973833334,18
Public Rack - Spaulding Ave & Foster Ave,member,41.97765819777778,-87.71034014611111,18
Public Rack - Springfield Ave & Lawrence Ave,member,41.96839744222222,-87.725898485,18
Public Rack - Throop St & 58th St,member,41.78870008333333,-87.65651084888889,18
Public Rack - Tripp Ave & North Ave,member,41.909939219444446,-87.73186904055555,18
Harlem Ave & Grace St,member,41.949375790588235,-87.80814254058824,17
Public Rack - Cicero Ave & North Ave,member,41.90958139941176,-87.74615610882353,17
Public Rack - Foster Ave & Drake Ave,member,41.975854644117646,-87.71788995529411,17
Public Rack - Kedzie Ave & Chicago Ave,member,41.89555698352941,-87.70635622764706,17
Troy Ave & 27th St,member,41.84220029235294,-87.70337424,17
Kedzie Ave & 110th St,member,41.6923945725,-87.70096036687501,16
Kildare Ave & Chicago Ave,member,41.898574155625,-87.731112875625,16
OH Charging Stx - Test,member,41.863199571875,-87.679804810625,16
Public Rack - Central Ave & Lawrence Ave,member,41.9678295325,-87.767680284375,16
Public Rack - Christiana Ave & Lawrence Ave,member,41.969440235625,-87.71097000124999,16
Public Rack - Kimbark Ave & 67th St,member,41.770518870625004,-87.59056106437501,16
Public Rack - St Louis Ave & Berteau Ave,member,41.95877227375,-87.7163303775,16
Spaulding Ave & 16th St,member,41.859532885625,-87.709101700625,16
Tripp Ave & 31st St,member,41.836986756875,-87.730511815,16
Base - 2132 W Hubbard,member,41.889974808666665,-87.68023996533333,15
California Ave & Granville Ave,member,41.994032454,-87.69929152666667,15
Eggleston Ave & 92nd St,member,41.727620175333335,-87.63487317,15
Public Rack - Kedvale Ave & Avondale Ave,member,41.952522941333335,-87.73103766533333,15
Public Rack - Kedvale Ave & Peterson Ave,member,41.990180607333336,-87.73210365933333,15
Public Rack - Kenton & Lawrence,member,41.968401334666666,-87.742597534,15
Public Rack - Komensky Ave & 31st St,member,41.84,-87.73,15
Public Rack - Laramie Ave & Grand Ave,member,41.918230596,-87.757605414,15
Public Rack - Lockwood & Archer,member,41.796913964666665,-87.75547921133334,15
Public Rack - Marshfield Ave & 87th St,member,41.737113648,-87.66256883333334,15
S Wentworth Ave & W 111th St,member,41.690525558,-87.62965010399999,15
Wabash Ave & 83rd St,member,41.74334904133333,-87.62282685933333,15
Doty Ave & 111th St,member,41.69503316285714,-87.59868781285715,14
Kildare Ave & 55th St,member,41.79094789285714,-87.73015580928572,14
Laramie Ave & Gladys Ave,member,41.87581097428571,-87.75531671571429,14
Menard Ave & Division St,member,41.90063683142857,-87.77014155428571,14
Public Rack - Irving Park Rd & Austin Ave,member,41.953079134285716,-87.77717483857143,14
Public Rack - Laflin St &51st ST,member,41.801254355714285,-87.66178404571428,14
Public Rack - Talman Ave & Pershing Rd,member,41.82186415785714,-87.69052084142857,14
Rockwell St & 63rd St,member,41.779917496428574,-87.68989844642857,14
Yates Blvd & 93rd St,member,41.72616573142857,-87.56628091428571,14
Long Ave & North Ave,member,41.90974363230769,-87.76029561923077,13
Oketo Ave & Addison St,member,41.94383603307692,-87.81085508692308,13
Public Rack - Jeffrey Blvd & 71st St,member,41.767017811538466,-87.57686978692307,13
Public Rack - Kedzie Ave & 54th St - SE,member,41.79185131153846,-87.70160656,13
Public Rack - Lafayette Ave & 87th St - NW,member,41.73723137153846,-87.62748251692308,13
Public Rack - Langley Ave & Oakwood Blvd,member,41.82261744,-87.60959338384616,13
Public Rack - Laramie Ave & Fullerton Ave,member,41.92280221769231,-87.75779836153846,13
Public Rack - Lotus Ave & Lawrence Ave,member,41.96802759230769,-87.76308192846155,13
Public Rack - Melvina Ave & Belmont Ave,member,41.93951460461538,-87.78040074692308,13
Public Rack - South Shore Dr & 71st St,member,41.769406961538465,-87.56041025615384,13
Shabbona Park,member,41.944075409999996,-87.79945229769231,13
Avenue O & 118th St,member,41.681004755,-87.53793685166667,12
California Ave & 29th St,member,41.840218139166666,-87.6937805975,12
Keeler Ave & Roosevelt Rd,member,41.867281205,-87.73001345333333,12
Michigan Ave & 114th St,member,41.687020134166666,-87.62112837083333,12
Public Rack - Cicero Ave & Belle Plaine Ave,member,41.95608238166667,-87.74768397666666,12
Public Rack - Cottage Grove Ave & 87th St,member,41.738563575,-87.60842248333333,12
Public Rack - Greenwood Ave & Lake Park Ave,member,41.818359100833334,-87.59972004,12
Public Rack - Kenton Ave & Palmer St,member,41.92048599666667,-87.7413843025,12
Public Rack - Komensky Ave & 63rd St,member,41.779142075833335,-87.72227563166666,12
Public Rack - Kostner & Peterson,member,41.989951999166664,-87.73849683083333,12
Public Rack - Longwood Dr & 111th St,member,41.69,-87.67,12
Public Rack - Lynch & Elston,member,41.98103221666667,-87.76137167916667,12
Public Rack - Menard Ave & Grand Ave,member,41.9198342375,-87.7706924275,12
Public Rack - Sayre Ave & 59th St,member,41.78466823,-87.79582865333333,12
Public Rack - Whipple St & 63rd St,member,41.7793776575,-87.69995684666667,12
South Chicago Ave & 83rd St,member,41.74392185333333,-87.57521756416666,12
California Ave & Marquette Rd,member,41.77073930090909,-87.69150839181818,11
Carpenter St & 63rd St,member,41.77988231636364,-87.65091915454546,11
Kenneth Ave & 50th St,member,41.80104810545454,-87.73199332727273,11
Kenneth Ave & Lawrence Ave,member,41.96791774545454,-87.73998134909091,11
Lawndale Ave & 16th St,member,41.8592324,-87.71790029818182,11
Major Taylor Trail & 124th St,member,41.668712119090905,-87.63719030454546,11
Public Rack - California Ave & Ogden Ave,member,41.860779097272726,-87.69614669636364,11
Public Rack - Hamlin Ave & Madison St,member,41.88074526,-87.72066630545454,11
Public Rack - Harper Ave & 63rd St,member,41.780733456363635,-87.5879281509091,11
Public Rack - Hiawatha & Mendota,member,42.00725578181818,-87.7781782890909,11
Public Rack - Lorel Ave & Grand Ave,member,41.918932860909095,-87.75980252909092,11
Public Rack - Maplewood Ave & 47th St,member,41.80887562181818,-87.68896372272727,11
Public Rack - Menard Ave & Dakin St - midblock,member,41.950980934545456,-87.77105120090908,11
Public Rack - Milwaukee Ave & Sunnyside Ave,member,41.96255716727273,-87.75608447090909,11
Public Rack - Monticello & Lawrence,member,41.96839051727273,-87.71959424818182,11
Public Rack - Racine Ave & 74th St,member,41.759474092727274,-87.65366150363636,11
Public Rack - Western & 83rd,member,41.74263418454545,-87.68206856090909,11
Racine Ave & 61st St,member,41.78318658909091,-87.65437936272727,11
